Name,year,month,CHLcal
Apple,1998,1,2.14164
Maquotketa,1998,1,1.44356
Wapsipinicon,1998,1,8.7734
Apple,1999,1,4.3502
BlackRiver,1999,1,1.59932
Cannon,1999,1,4.47524
Chippewa,1999,1,3.22484
Cuivre,1999,1,2.0578
Dardenne,1999,1,3.85004
Maquotketa,1999,1,3.55828
Vermillion,1999,1,3.22484
Wapsipinicon,1999,1,3.18316
Apple,2000,1,1.88768
BlackRiver,2000,1,2.96512
Cannon,2000,1,21.77888
Chippewa,2000,1,2.2192
Cuivre,2000,1,74.90496
Dardenne,2000,1,10.25856
Maquotketa,2000,1,5.61728
Vermillion,2000,1,5.12
Wapsipinicon,2000,1,17.9664
Apple,2001,1,NA
BlackRiver,2001,1,NA
Cannon,2001,1,3.1931
Chippewa,2001,1,2.69816
Cuivre,2001,1,2.94563
Dardenne,2001,1,3.52306
Maquotketa,2001,1,2.69816
Vermillion,2001,1,NA
Wapsipinicon,2001,1,1.17904
Apple,2002,1,NA
BlackRiver,2002,1,1.26212
Cannon,2002,1,6.30056
Chippewa,2002,1,2.78892
Cuivre,2002,1,NA
Dardenne,2002,1,2.63624
Maquotketa,2002,1,2.44539
Vermillion,2002,1,7.98004
Wapsipinicon,2002,1,3.66683
Apple,2004,1,1.78238
Cannon,2004,1,11.64488
Chippewa,2004,1,3.83378
Dardenne,2004,1,3.91268
Maquotketa,2004,1,0.99338
Vermillion,2004,1,8.40998
Wapsipinicon,2004,1,4.46498
Apple,2005,1,16.94371
BlackRiver,2005,1,1.34407
Cannon,2005,1,14.609069999999999
Chippewa,2005,1,3.46647
Cuivre,2005,1,1.34407
Dardenne,2005,1,5.16439
Maquotketa,2005,1,4.31543
Vermillion,2005,1,7.18067
Wapsipinicon,2005,1,2.82975
Apple,2006,1,1.5053
BlackRiver,2006,1,2.0177
Cannon,2006,1,6.3731
Chippewa,2006,1,0.8648
Cuivre,2006,1,4.5797
Dardenne,2006,1,7.3979
Maquotketa,2006,1,9.9599
Vermillion,2006,1,2.1458
Apple,2007,1,0.3741
BlackRiver,2007,1,1.5761
Cannon,2007,1,7.2255
Chippewa,2007,1,3.1387
Cuivre,2007,1,12.9951
Dardenne,2007,1,7.2255
Maquotketa,2007,1,0.9751
Vermillion,2007,1,11.4325
Wapsipinicon,2007,1,5.0619
Apple,2008,1,20.88345
BlackRiver,2008,1,1.60545
Cannon,2008,1,6.42495
Chippewa,2008,1,2.5977
Cuivre,2008,1,6.42495
Dardenne,2008,1,15.0717
Maquotketa,2008,1,14.5047
Vermillion,2008,1,1.60545
Wapsipinicon,2008,1,7.27545
BlackRiver,2009,1,1.12412
Cannon,2009,1,2.39186
Chippewa,2009,1,3.6596
Cuivre,2009,1,2.251
Dardenne,2009,1,6.61766
Maquotketa,2009,1,NA
Vermillion,2009,1,0.98326
Wapsipinicon,2009,1,2.11014
BlackRiver,2010,1,1.2118
Cannon,2010,1,1.92705
Chippewa,2010,1,1.784
Cuivre,2010,1,1.784
Dardenne,2010,1,11.7975
Maquotketa,2010,1,NA
Vermillion,2010,1,1.92705
Apple,2011,1,NA
BlackRiver,2011,1,NA
Cannon,2011,1,0.8381
Chippewa,2011,1,NA
Cuivre,2011,1,NA
Dardenne,2011,1,6.87364
Maquotketa,2011,1,0.36161
Vermillion,2011,1,0.67927
Wapsipinicon,2011,1,1.47342
Apple,2012,1,NA
BlackRiver,2012,1,1.82468
Cannon,2012,1,8.14588
Chippewa,2012,1,3.56301
Cuivre,2012,1,2.29877
Dardenne,2012,1,2.4568
Maquotketa,2012,1,0.24437999999999999
Vermillion,2012,1,2.29877
Wapsipinicon,2012,1,2.61483
Apple,2013,1,2.27222
BlackRiver,2013,1,5.87244
Cannon,2013,1,7.11867
Chippewa,2013,1,4.2108
Cuivre,2013,1,26.366
Dardenne,2013,1,2.96457
Maquotketa,2013,1,3.10304
Vermillion,2013,1,6.42632
Wapsipinicon,2013,1,32.04327
Apple,2014,1,NA
BlackRiver,2014,1,0.44455
Cannon,2014,1,6.5403
Chippewa,2014,1,1.2683
Cuivre,2014,1,2.2568
Dardenne,2014,1,1.43305
Maquotketa,2014,1,0.11505
Vermillion,2014,1,0.44455
Wapsipinicon,2014,1,0.2798
Apple,2015,1,NA
BlackRiver,2015,1,0.73098
Cannon,2015,1,2.77428
Chippewa,2015,1,0.73098
Cuivre,2015,1,NA
Dardenne,2015,1,1.95696
Maquotketa,2015,1,1.13964
Vermillion,2015,1,1.68452
Wapsipinicon,2015,1,3.5916
Apple,2016,1,1.29967
BlackRiver,2016,1,NA
Cannon,2016,1,3.59482
Chippewa,2016,1,1.29967
Cuivre,2016,1,NA
Dardenne,2016,1,4.66589
Maquotketa,2016,1,NA
Vermillion,2016,1,8.64415
Wapsipinicon,2016,1,NA
Apple,2017,1,2.50515
BlackRiver,2017,1,NA
Cannon,2017,1,8.50437
Chippewa,2017,1,1.00535
Cuivre,2017,1,11.00405
Dardenne,2017,1,2.00522
Maquotketa,2017,1,1.33864
Vermillion,2017,1,6.67128
Wapsipinicon,2017,1,1.17199
Apple,2018,1,14.4093
BlackRiver,2018,1,2.4918
Cannon,2018,1,4.8753
Chippewa,2018,1,1.6973
Cuivre,2018,1,397.0405
Dardenne,2018,1,4.0808
Maquotketa,2018,1,2.9685
Vermillion,2018,1,3.2863
Wapsipinicon,2018,1,2.0151
Apple,1998,2,5.80656
Maquotketa,1998,2,11.04216
Wapsipinicon,1998,2,6.5919
Apple,1999,2,6.05908
BlackRiver,1999,2,2.4746
Cannon,1999,2,7.60124
Chippewa,1999,2,5.05876
Cuivre,1999,2,2.22452
Dardenne,1999,2,6.97604
Maquotketa,1999,2,2.80804
Vermillion,1999,2,2.30788
Wapsipinicon,1999,2,3.01644
Apple,2000,2,5.20288
BlackRiver,2000,2,2.05344
Cannon,2000,2,5.12
Chippewa,2000,2,4.78848
Cuivre,2000,2,44.73664
Dardenne,2000,2,5.36864
Maquotketa,2000,2,2.4264
Vermillion,2000,2,2.05344
Wapsipinicon,2000,2,11.99904
Apple,2001,2,NA
BlackRiver,2001,2,NA
Cannon,2001,2,4.18298
Chippewa,2001,2,NA
Cuivre,2001,2,3.1931
Dardenne,2001,2,5.83278
Maquotketa,2001,2,3.481815
Vermillion,2001,2,2.94563
Wapsipinicon,2001,2,2.78065
Apple,2002,2,NA
BlackRiver,2002,2,2.25454
Cannon,2002,2,7.522
Chippewa,2002,2,1.7965
Cuivre,2002,2,2.40722
Dardenne,2002,2,5.9952
Maquotketa,2002,2,2.5599
Vermillion,2002,2,2.9416
Wapsipinicon,2002,2,5.72801
Apple,2004,2,7.30538
BlackRiver,2004,2,1.54568
Cannon,2004,2,2.17688
Chippewa,2004,2,4.54388
Cuivre,2004,2,3.83378
Dardenne,2004,2,7.62098
Maquotketa,2004,2,13.38068
Vermillion,2004,2,1.30898
Wapsipinicon,2004,2,10.14578
Apple,1998,3,4.19225
Maquotketa,1998,3,3.9741
Wapsipinicon,1998,3,5.37026
Apple,1999,3,4.47524
BlackRiver,1999,3,5.85068
Cannon,1999,3,31.90068
Chippewa,1999,3,8.44873333333333
Cuivre,1999,3,11.778245
Dardenne,1999,3,18.18321
Maquotketa,1999,3,5.1838
Vermillion,1999,3,36.4299066666667
Wapsipinicon,1999,3,10.85228
Apple,2000,3,8.76672
BlackRiver,2000,3,3.048
Cannon,2000,3,12.82784
Chippewa,2000,3,2.30208
Cuivre,2000,3,8.76672
Dardenne,2000,3,17.552
Maquotketa,2000,3,5.57584
Vermillion,2000,3,26.17152
Wapsipinicon,2000,3,36.4072
Apple,2001,3,2.86314
BlackRiver,2001,3,2.3682
Cannon,2001,3,4.76041
Chippewa,2001,3,3.27559
Cuivre,2001,3,4.10049
Maquotketa,2001,3,4.18298
Vermillion,2001,3,3.1931
Wapsipinicon,2001,3,4.67792
Apple,2002,3,1.49114
BlackRiver,2002,3,3.78134
Cannon,2002,3,8.51442
Chippewa,2002,3,4.54474
Cuivre,2002,3,7.75102
Dardenne,2002,3,9.0488
Maquotketa,2002,3,4.35389
Vermillion,2002,3,10.27024
Wapsipinicon,2002,3,10.53743
Apple,2004,3,7.30538
Cannon,2004,3,5.01728
Chippewa,2004,3,2.88698
Cuivre,2004,3,14.5044
Dardenne,2004,3,2.35488
Maquotketa,2004,3,8.01548
Vermillion,2004,3,16.45778
Wapsipinicon,2004,3,10.30358
Apple,2005,3,1.55631
BlackRiver,2005,3,2.40527
Cannon,2005,3,8.87859
Chippewa,2005,3,4.42155
Cuivre,2005,3,52.91839
Dardenne,2005,3,14.82131
Maquotketa,2005,3,2.51139
Vermillion,2005,3,5.16439
Wapsipinicon,2005,3,2.93587
Apple,2006,3,5.0921
BlackRiver,2006,3,2.5301
Cannon,2006,3,21.3608
Chippewa,2006,3,4.1954
Cuivre,2006,3,22.5137
Dardenne,2006,3,16.493
Maquotketa,2006,3,2.0177
Vermillion,2006,3,7.2698
Wapsipinicon,2006,3,2.9144
BlackRiver,2007,3,0.6145
Cannon,2007,3,5.9033
Chippewa,2007,3,1.3357
Cuivre,2007,3,1.3357
Dardenne,2007,3,7.7063
Maquotketa,2007,3,2.6579
Vermillion,2007,3,1.5761
Wapsipinicon,2007,3,1.2155
Apple,2008,3,7.1337
BlackRiver,2008,3,3.34391
Cannon,2008,3,9.4017
Chippewa,2008,3,1.7472
Cuivre,2008,3,6.2832
Dardenne,2008,3,15.0717
Maquotketa,2008,3,7.1337
Vermillion,2008,3,2.5977
Wapsipinicon,2008,3,3.1647
Apple,2009,3,8.16712
BlackRiver,2009,3,2.251
Cannon,2009,3,4.78648
Chippewa,2009,3,5.20906
Cuivre,2009,3,9.0874
Dardenne,2009,3,8.1802
Maquotketa,2009,3,7.46282
Vermillion,2009,3,2.67358
Wapsipinicon,2009,3,3.94132
Apple,2010,3,55.14165
BlackRiver,2010,3,2.0701
Cannon,2010,3,7.93515
Chippewa,2010,3,3.64365
Cuivre,2010,3,6.79075
Dardenne,2010,3,17.8056
Maquotketa,2010,3,17.2334
Vermillion,2010,3,2.6423
Wapsipinicon,2010,3,5.07415
Apple,2011,3,2.10874
BlackRiver,2011,3,0.36161
Cannon,2011,3,1.47342
Chippewa,2011,3,0.20278
Cuivre,2011,3,1.94991
Dardenne,2011,3,10.84439
Maquotketa,2011,3,1.79108
Vermillion,2011,3,0.67927
Wapsipinicon,2011,3,1.94991
Apple,2012,3,2.93089
BlackRiver,2012,3,3.08892
Cannon,2012,3,6.40755
Chippewa,2012,3,3.08892
Cuivre,2012,3,7.67179
Dardenne,2012,3,6.72361
Maquotketa,2012,3,10.20027
Vermillion,2012,3,8.30391
Wapsipinicon,2012,3,8.778
Apple,2013,3,6.01091
BlackRiver,2013,3,2.54916
Cannon,2013,3,5.31856
Chippewa,2013,3,4.62621
Cuivre,2013,3,5.5955
Dardenne,2013,3,6.84173
Maquotketa,2013,3,2.8261
Vermillion,2013,3,3.37998
Wapsipinicon,2013,3,6.01091
BlackRiver,2014,3,NA
Cannon,2014,3,4.39855
Chippewa,2014,3,1.10355
Cuivre,2014,3,2.00944
Dardenne,2014,3,6.56368
Maquotketa,2014,3,38.8313
Vermillion,2014,3,0.11505
Wapsipinicon,2014,3,5.8813
Apple,2015,3,10.13016
BlackRiver,2015,3,2.50184
Cannon,2015,3,29.74584
Chippewa,2015,3,1.95696
Cuivre,2015,3,8.33926
Dardenne,2015,3,14.7884
Maquotketa,2015,3,24.0246
Vermillion,2015,3,5.09002
Wapsipinicon,2015,3,15.71518
Apple,2016,3,7.11405
BlackRiver,2016,3,3.44181
Cannon,2016,3,32.51371
Chippewa,2016,3,5.88997
Cuivre,2016,3,67.85902
Dardenne,2016,3,12.77542
Maquotketa,2016,3,1.91171
Vermillion,2016,3,12.92843
Wapsipinicon,2016,3,3.44181
Apple,2017,3,3.50502
BlackRiver,2017,3,2.00522
Cannon,2017,3,11.83727
Chippewa,2017,3,2.17186
Cuivre,2017,3,5.83805
Dardenne,2017,3,4.83818
Maquotketa,2017,3,11.83727
Vermillion,2017,3,16.17004
Wapsipinicon,2017,3,4.00496
Apple,2018,3,3.4452
BlackRiver,2018,3,5.0342
Cannon,2018,3,4.5575
Chippewa,2018,3,2.174
Cuivre,2018,3,4.5575
Dardenne,2018,3,3.763
Maquotketa,2018,3,1.6973
Vermillion,2018,3,2.6507
Wapsipinicon,2018,3,4.3986
Apple,1998,4,8.157355
Maquotketa,1998,4,7.95992
Wapsipinicon,1998,4,3.395345
Apple,1999,4,8.048745
BlackRiver,1999,4,11.872215
Cannon,1999,4,20.02635
Chippewa,1999,4,13.15971
Cuivre,1999,4,12.028275
Dardenne,1999,4,9.64836
Maquotketa,1999,4,18.93393
Vermillion,1999,4,28.60965
Wapsipinicon,1999,4,25.449435
Apple,2000,4,89.07058
BlackRiver,2000,4,17.60854
Cannon,2000,4,74.50814
Chippewa,2000,4,16.83702
Cuivre,2000,4,2.17814
Dardenne,2000,4,7.96454
Maquotketa,2000,4,87.38288
Vermillion,2000,4,118.7741
Wapsipinicon,2000,4,131.21486
Apple,2001,4,3.32107
BlackRiver,2001,4,13.761955
Cannon,2001,4,36.97667
Chippewa,2001,4,7.37504
Cuivre,2001,4,44.09024
Dardenne,2001,4,25.35019
Maquotketa,2001,4,3.741765
Vermillion,2001,4,12.04093
Wapsipinicon,2001,4,7.75749
Apple,2002,4,6.03365
BlackRiver,2002,4,4.47865
Cannon,2002,4,10.1544
Chippewa,2002,4,5.10065
Cuivre,2002,4,4.7119
Dardenne,2002,4,12.9534
Maquotketa,2002,4,17.735025
Vermillion,2002,4,25.0824
Wapsipinicon,2002,4,57.854025
Apple,2004,4,8.86984
BlackRiver,2004,4,2.35488
Cannon,2004,4,44.70212
Chippewa,2004,4,1.38644
Cuivre,2004,4,2.619
Dardenne,2004,4,12.83164
Maquotketa,2004,4,24.1888
Vermillion,2004,4,97.17396
Wapsipinicon,2004,4,66.0078
Apple,2005,4,25.1605
BlackRiver,2005,4,4.1859
Cannon,2005,4,19.9432
Chippewa,2005,4,6.2939
Cuivre,2005,4,34.8573
Dardenne,2005,4,12.0382
Maquotketa,2005,4,51.4578
Vermillion,2005,4,25.424
Wapsipinicon,2005,4,115.9626
Apple,2006,4,9.73326
BlackRiver,2006,4,12.15526
Cannon,2006,4,26.08176
Chippewa,2006,4,13.06351
Cuivre,2006,4,25.65791
Dardenne,2006,4,22.50931
Maquotketa,2006,4,26.92946
Vermillion,2006,4,33.89271
Wapsipinicon,2006,4,23.41756
Apple,2007,4,4.96388
BlackRiver,2007,4,19.3747233333333
Cannon,2007,4,30.85777
Chippewa,2007,4,18.481175
Cuivre,2007,4,3.423935
Dardenne,2007,4,4.450565
Maquotketa,2007,4,2.967655
Vermillion,2007,4,33.82359
Wapsipinicon,2007,4,5.134985
Apple,2008,4,10.70512
BlackRiver,2008,4,5.27893
Cannon,2008,4,27.4039
Chippewa,2008,4,7.01458
Cuivre,2008,4,7.52614
Dardenne,2008,4,17.24578
Maquotketa,2008,4,4.82218
Vermillion,2008,4,26.38078
Wapsipinicon,2008,4,8.84158
Apple,2009,4,5.3452
BlackRiver,2009,4,14.1904
Cannon,2009,4,37.324
Chippewa,2009,4,24.7933
Cuivre,2009,4,7.6699
Dardenne,2009,4,19.2367
Maquotketa,2009,4,22.4686
Vermillion,2009,4,26.4943
Wapsipinicon,2009,4,61.0246
Apple,2010,4,12.4203
BlackRiver,2010,4,24.43098
Cannon,2010,4,57.67266
Chippewa,2010,4,31.8315
Cuivre,2010,4,11.32842
Dardenne,2010,4,17.51574
Maquotketa,2010,4,14.05812
Vermillion,2010,4,78.60036
Wapsipinicon,2010,4,69.56202
Apple,2011,4,11.75135
BlackRiver,2011,4,1.541425
Cannon,2011,4,11.6023
Chippewa,2011,4,6.5346
Cuivre,2011,4,35.822925
Dardenne,2011,4,24.1225
Maquotketa,2011,4,6.609125
Vermillion,2011,4,10.782525
Wapsipinicon,2011,4,47.6724
Apple,2012,4,3.73044
BlackRiver,2012,4,16.07428
Cannon,2012,4,43.7962
Chippewa,2012,4,20.21188
Cuivre,2012,4,8.90244
Dardenne,2012,4,4.21316
Maquotketa,2012,4,7.17844
Vermillion,2012,4,60.41556
Wapsipinicon,2012,4,87.51684
Apple,2013,4,19.2491633333333
BlackRiver,2013,4,5.05989333333333
Cannon,2013,4,21.10918
Chippewa,2013,4,5.8039
Cuivre,2013,4,7.87649
Dardenne,2013,4,17.60172
Maquotketa,2013,4,6.17590333333333
Vermillion,2013,4,25.9452233333333
Wapsipinicon,2013,4,15.6354166666667
Apple,2014,4,13.822
BlackRiver,2014,4,2.50756
Cannon,2014,4,44.91892
Chippewa,2014,4,2.72104
Cuivre,2014,4,11.97184
Dardenne,2014,4,18.16276
Maquotketa,2014,4,3.21916
Vermillion,2014,4,25.99036
Wapsipinicon,2014,4,15.67216
Apple,2015,4,49.95871
BlackRiver,2015,4,11.7888
Cannon,2015,4,31.2862
Chippewa,2015,4,19.06283
Cuivre,2015,4,18.68788
Dardenne,2015,4,13.13862
Maquotketa,2015,4,33.31093
Vermillion,2015,4,50.70861
Wapsipinicon,2015,4,128.84819
Apple,2016,4,5.86644
BlackRiver,2016,4,4.36043
Cannon,2016,4,30.97926
Chippewa,2016,4,12.03132
Cuivre,2016,4,2.27525
Dardenne,2016,4,16.74564
Maquotketa,2016,4,11.3967
Vermillion,2016,4,33.88038
Wapsipinicon,2016,4,61.44102
Apple,2017,4,3.48844
BlackRiver,2017,4,2.63806
Cannon,2017,4,56.211815
Chippewa,2017,4,9.363775
Cuivre,2017,4,20.032135
Dardenne,2017,4,13.46104
Maquotketa,2017,4,13.22912
Vermillion,2017,4,29.77282
Wapsipinicon,2017,4,12.842585
Apple,2018,4,2.3117
BlackRiver,2018,4,7.5949
Cannon,2018,4,15.10695
Chippewa,2018,4,2.88955
Cuivre,2018,4,7.76
Dardenne,2018,4,8.4204
Maquotketa,2018,4,21.71095
Vermillion,2018,4,10.81435
Wapsipinicon,2018,4,23.2794
Apple,1998,5,13.911175
Maquotketa,1998,5,22.23165
Wapsipinicon,1998,5,82.53394
Apple,1999,5,6.332085
BlackRiver,1999,5,17.52939
Cannon,1999,5,29.897145
Chippewa,1999,5,21.547935
Cuivre,1999,5,16.866135
Dardenne,1999,5,50.575095
Maquotketa,1999,5,8.204805
Vermillion,1999,5,18.15363
Wapsipinicon,1999,5,15.50061
Apple,2000,5,1.74635
BlackRiver,2000,5,29.75998
Cannon,2000,5,6.80726
Chippewa,2000,5,25.32374
Cuivre,2000,5,14.66931
Dardenne,2000,5,6.32506
Maquotketa,2000,5,13.8152333333333
Vermillion,2000,5,175.1915
Wapsipinicon,2000,5,73.2222733333333
Apple,2001,5,42.48395
BlackRiver,2001,5,11.12305
Cannon,2001,5,29.93959
Chippewa,2001,5,17.509965
Cuivre,2001,5,21.410955
Dardenne,2001,5,39.57733
Maquotketa,2001,5,31.46939
Vermillion,2001,5,28.40979
Wapsipinicon,2001,5,77.43988
Apple,2002,5,7.1999
BlackRiver,2002,5,28.9699
Cannon,2002,5,27.33715
Chippewa,2002,5,14.1974
Cuivre,2002,5,18.16265
Dardenne,2002,5,21.855775
Maquotketa,2002,5,17.2555666666667
Vermillion,2002,5,60.76965
Wapsipinicon,2002,5,73.1059833333333
Apple,2004,5,4.64392
BlackRiver,2004,5,18.20208
Cannon,2004,5,40.036
Chippewa,2004,5,13.97616
Cuivre,2004,5,7.28512
Dardenne,2004,5,10.1024
Maquotketa,2004,5,19.21454
Vermillion,2004,5,125.96304
Wapsipinicon,2004,5,53.15396
Apple,2005,5,20.8918
BlackRiver,2005,5,6.5574
Cannon,2005,5,14.3043
Chippewa,2005,5,21.8931
Cuivre,2005,5,24.7389
Dardenne,2005,5,20.1013
Maquotketa,2005,5,40.9178
Vermillion,2005,5,60.9438
Wapsipinicon,2005,5,125.6594
Apple,2006,5,20.51116
BlackRiver,2006,5,20.5918933333333
Cannon,2006,5,14.33506
Chippewa,2006,5,33.22666
Cuivre,2006,5,31.47071
Dardenne,2006,5,9.49106
Maquotketa,2006,5,50.4632266666667
Vermillion,2006,5,24.62856
Wapsipinicon,2006,5,84.3712266666667
Apple,2007,5,7.13121
BlackRiver,2007,5,10.952555
Cannon,2007,5,47.74013
Chippewa,2007,5,17.8157666666667
Cuivre,2007,5,13.1008733333333
Dardenne,2007,5,16.4089033333333
Maquotketa,2007,5,20.02112
Vermillion,2007,5,71.46669
Wapsipinicon,2007,5,52.816245
Apple,2008,5,8.73196
BlackRiver,2008,5,20.95459
Cannon,2008,5,33.45127
Chippewa,2008,5,21.39307
Cuivre,2008,5,6.64918
Dardenne,2008,5,17.99485
Maquotketa,2008,5,14.10334
Vermillion,2008,5,37.06873
Wapsipinicon,2008,5,23.2018
Apple,2009,5,6.3091
BlackRiver,2009,5,12.2626
Cannon,2009,5,113.869
Chippewa,2009,5,24.3964
Cuivre,2009,5,5.8555
Dardenne,2009,5,10.2214
Maquotketa,2009,5,10.7884
Vermillion,2009,5,125.2657
Wapsipinicon,2009,5,11.5255
Apple,2010,5,3.50328
BlackRiver,2010,5,23.46042
Cannon,2010,5,27.03936
Chippewa,2010,5,15.99924
Cuivre,2010,5,5.56572
Dardenne,2010,5,21.57996
Maquotketa,2010,5,4.95912
Vermillion,2010,5,101.65116
Wapsipinicon,2010,5,28.37388
Apple,2011,5,5.0441
BlackRiver,2011,5,13.0431166666667
Cannon,2011,5,43.64805
Chippewa,2011,5,9.888225
Cuivre,2011,5,6.012925
Dardenne,2011,5,29.63735
Maquotketa,2011,5,8.86971666666667
Vermillion,2011,5,44.24425
Wapsipinicon,2011,5,62.7761333333333
Apple,2012,5,6.97156
BlackRiver,2012,5,17.5914
Cannon,2012,5,30.7397733333333
Chippewa,2012,5,12.5343333333333
Cuivre,2012,5,20.21188
Dardenne,2012,5,17.31556
Maquotketa,2012,5,17.72932
Vermillion,2012,5,28.1652666666667
Wapsipinicon,2012,5,35.10724
Apple,2013,5,2.29644
BlackRiver,2013,5,4.927035
Cannon,2013,5,12.260815
Chippewa,2013,5,6.76048
Cuivre,2013,5,97.2104333333333
Dardenne,2013,5,62.87984
Maquotketa,2013,5,10.507085
Vermillion,2013,5,28.044385
Wapsipinicon,2013,5,11.22452
Apple,2014,5,30.25996
BlackRiver,2014,5,2.64988
Cannon,2014,5,8.1292
Chippewa,2014,5,3.64612
Cuivre,2014,5,12.46996
Dardenne,2014,5,8.27152
Maquotketa,2014,5,7.84456
Vermillion,2014,5,7.48876
Wapsipinicon,2014,5,12.7546
Apple,2015,5,26.0369
BlackRiver,2015,5,15.68828
Cannon,2015,5,26.48684
Chippewa,2015,5,20.41265
Cuivre,2015,5,16.06323
Dardenne,2015,5,26.56183
Maquotketa,2015,5,50.7836
Vermillion,2015,5,47.33406
Wapsipinicon,2015,5,170.99257
Apple,2016,5,2.18459
BlackRiver,2016,5,10.1879
Cannon,2016,5,37.56722
Chippewa,2016,5,15.08354
Cuivre,2016,5,NA
Dardenne,2016,5,8.55602
Maquotketa,2016,5,10.12746
Vermillion,2016,5,36.53974
Wapsipinicon,2016,5,74.67738
Apple,2017,5,1.81345333333333
BlackRiver,2017,5,6.50341
Cannon,2017,5,29.5409
Chippewa,2017,5,7.48263333333333
Cuivre,2017,5,2.17422
Dardenne,2017,5,6.50341
Maquotketa,2017,5,43.35308
Vermillion,2017,5,17.7902333333333
Wapsipinicon,2017,5,36.0862233333333
Apple,2018,5,77.5973
BlackRiver,2018,5,16.75795
Cannon,2018,5,17.9962
Chippewa,2018,5,14.5841333333333
Cuivre,2018,5,31.2592333333333
Dardenne,2018,5,25.2055666666667
Maquotketa,2018,5,58.7208666666667
Vermillion,2018,5,28.0673
Wapsipinicon,2018,5,37.2028333333333
Apple,1998,6,22.90329
Maquotketa,1998,6,10.013325
Wapsipinicon,1998,6,13.93939
Apple,1999,6,14.0559433333333
BlackRiver,1999,6,36.3931833333333
Cannon,1999,6,22.25188
Chippewa,1999,6,9.334855
Cuivre,1999,6,34.77402
Dardenne,1999,6,24.246565
Maquotketa,1999,6,26.5962233333333
Vermillion,1999,6,23.161255
Wapsipinicon,1999,6,11.180125
Apple,2000,6,12.4233
BlackRiver,2000,6,9.65624
Cannon,2000,6,19.455435
Chippewa,2000,6,18.49455
Cuivre,2000,6,5.21875
Dardenne,2000,6,9.59005
Maquotketa,2000,6,16.06605
Vermillion,2000,6,74.320405
Wapsipinicon,2000,6,5.906825
Apple,2001,6,5.19003
BlackRiver,2001,6,7.28063
Cannon,2001,6,17.6291
Chippewa,2001,6,15.32944
Cuivre,2001,6,21.18312
Dardenne,2001,6,36.4445
Maquotketa,2001,6,27.55945
Vermillion,2001,6,22.12389
Wapsipinicon,2001,6,163.291655
Apple,2002,6,35.81914
BlackRiver,2002,6,25.76646
Cannon,2002,6,9.15046
Chippewa,2002,6,10.56282
Cuivre,2002,6,59.49694
Dardenne,2002,6,106.6033
Maquotketa,2002,6,45.24872
Vermillion,2002,6,21.61246
Wapsipinicon,2002,6,26.8465
Apple,2004,6,2.70704
BlackRiver,2004,6,NA
Cannon,2004,6,18.9064
Chippewa,2004,6,12.49595
Cuivre,2004,6,2.09076
Dardenne,2004,6,8.42964
Maquotketa,2004,6,9.45954
Vermillion,2004,6,19.87484
Wapsipinicon,2004,6,9.78889333333333
Apple,2005,6,74.6021466666667
BlackRiver,2005,6,28.34424
Cannon,2005,6,10.18935
Chippewa,2005,6,38.2046933333333
Cuivre,2005,6,26.2217333333333
Dardenne,2005,6,30.3926266666667
Maquotketa,2005,6,100.147706666667
Vermillion,2005,6,27.39811
Wapsipinicon,2005,6,194.047773333333
Apple,2006,6,11.7751
BlackRiver,2006,6,65.15578
Cannon,2006,6,39.6329333333333
Chippewa,2006,6,33.4816733333333
Cuivre,2006,6,24.6720333333333
Dardenne,2006,6,22.4279533333333
Maquotketa,2006,6,74.37726
Vermillion,2006,6,108.840306666667
Wapsipinicon,2006,6,288.35456
Apple,2007,6,8.03392333333333
BlackRiver,2007,6,52.806165
Cannon,2007,6,10.42552
Chippewa,2007,6,29.740345
Cuivre,2007,6,31.979745
Dardenne,2007,6,31.755805
Maquotketa,2007,6,24.4476266666667
Vermillion,2007,6,112.822085
Wapsipinicon,2007,6,55.1281966666667
Apple,2008,6,11.53204
BlackRiver,2008,6,35.90604
Cannon,2008,6,14.84778
Chippewa,2008,6,14.17836
Cuivre,2008,6,17.24252
Dardenne,2008,6,38.69164
Maquotketa,2008,6,10.97492
Vermillion,2008,6,36.95064
Wapsipinicon,2008,6,6.30904
Apple,2009,6,19.26455
BlackRiver,2009,6,18.2129166666667
Cannon,2009,6,10.1694366666667
Chippewa,2009,6,22.4155666666667
Cuivre,2009,6,7.977255
Dardenne,2009,6,21.75028
Maquotketa,2009,6,15.8905266666667
Vermillion,2009,6,129.123833333333
Wapsipinicon,2009,6,66.0272
Apple,2010,6,4.78310666666667
BlackRiver,2010,6,29.71832
Cannon,2010,6,6.434165
Chippewa,2010,6,11.13779
Cuivre,2010,6,18.7756666666667
Dardenne,2010,6,21.130715
Maquotketa,2010,6,20.8547866666667
Vermillion,2010,6,54.834635
Wapsipinicon,2010,6,41.7852066666667
Apple,2011,6,9.85647
BlackRiver,2011,6,38.221515
Cannon,2011,6,15.7044966666667
Chippewa,2011,6,16.1693333333333
Cuivre,2011,6,7.08996666666667
Dardenne,2011,6,15.1383166666667
Maquotketa,2011,6,12.341625
Vermillion,2011,6,15.3841733333333
Wapsipinicon,2011,6,48.676305
Apple,2012,6,80.63244
BlackRiver,2012,6,40.34484
Cannon,2012,6,19.2822
Chippewa,2012,6,19.56492
Cuivre,2012,6,23.523
Dardenne,2012,6,35.04384
Maquotketa,2012,6,149.19204
Vermillion,2012,6,18.5754
Wapsipinicon,2012,6,170.96148
Apple,2013,6,6.36407
BlackRiver,2013,6,2.8944
Cannon,2013,6,16.12756
Chippewa,2013,6,7.09028
Cuivre,2013,6,80.59887
Dardenne,2013,6,27.98899
Maquotketa,2013,6,14.67514
Vermillion,2013,6,15.48204
Wapsipinicon,2013,6,9.51098
Apple,2014,6,22.28319
BlackRiver,2014,6,9.553715
Cannon,2014,6,8.13695666666667
Chippewa,2014,6,9.011645
Cuivre,2014,6,9.65271
Dardenne,2014,6,15.773095
Maquotketa,2014,6,82.55444
Vermillion,2014,6,9.14101
Wapsipinicon,2014,6,226.04433
Apple,2015,6,5.22651666666667
BlackRiver,2015,6,7.293945
Cannon,2015,6,18.965065
Chippewa,2015,6,10.0387
Cuivre,2015,6,4.97852
Dardenne,2015,6,8.35858
Maquotketa,2015,6,9.17353666666667
Vermillion,2015,6,39.4114733333333
Wapsipinicon,2015,6,19.2197433333333
Apple,2016,6,21.56694
BlackRiver,2016,6,22.7805
Cannon,2016,6,28.9533
Chippewa,2016,6,8.02365
Cuivre,2016,6,36.2835
Dardenne,2016,6,31.2681
Maquotketa,2016,6,47.34312
Vermillion,2016,6,70.6197
Wapsipinicon,2016,6,107.50956
Apple,2017,6,20.15149
BlackRiver,2017,6,19.30539
Cannon,2017,6,24.758055
Chippewa,2017,6,8.11802
Cuivre,2017,6,26.09387
Dardenne,2017,6,69.6126466666667
Vermillion,2017,6,55.68784
Wapsipinicon,2017,6,154.399915
Apple,2018,6,4.20825
BlackRiver,2018,6,91.84825
Cannon,2018,6,13.28525
Chippewa,2018,6,12.81575
Cuivre,2018,6,31.59575
Dardenne,2018,6,23.61425
Maquotketa,2018,6,14.69375
Vermillion,2018,6,13.75475
Wapsipinicon,2018,6,25.02275
Apple,1998,7,62.2903266666667
Maquotketa,1998,7,68.0371266666667
Wapsipinicon,1998,7,106.540686666667
Apple,1999,7,37.63691
BlackRiver,1999,7,19.5029
Cannon,1999,7,16.84496
Chippewa,1999,7,14.57285
Cuivre,1999,7,39.16594
Dardenne,1999,7,46.2252
Maquotketa,1999,7,45.01055
Vermillion,1999,7,24.30434
Wapsipinicon,1999,7,79.89244
Apple,2000,7,19.2231
BlackRiver,2000,7,18.17075
Cannon,2000,7,22.54205
Chippewa,2000,7,10.23765
Cuivre,2000,7,29.34185
Dardenne,2000,7,25.61815
Maquotketa,2000,7,49.57935
Vermillion,2000,7,52.2507
Wapsipinicon,2000,7,142.429
Apple,2001,7,26.30509
BlackRiver,2001,7,21.18312
Cannon,2001,7,17.10645
Chippewa,2001,7,30.59082
Cuivre,2001,7,41.35741
Dardenne,2001,7,121.63645
Maquotketa,2001,7,170.55649
Vermillion,2001,7,47.00203
Wapsipinicon,2001,7,106.06148
Apple,2002,7,34.48986
BlackRiver,2002,7,58.33382
Cannon,2002,7,9.15046
Chippewa,2002,7,25.43414
Cuivre,2002,7,35.65298
Dardenne,2002,7,14.71682
Maquotketa,2002,7,12.84752
Vermillion,2002,7,17.87386
Wapsipinicon,2002,7,170.5749
Apple,2004,7,15.36244
BlackRiver,2004,7,39.32224
Cannon,2004,7,40.16527
Chippewa,2004,7,38.96728
Cuivre,2004,7,40.96393
Dardenne,2004,7,23.88148
Maquotketa,2004,7,59.08168
Vermillion,2004,7,114.88435
Wapsipinicon,2004,7,69.58258
Apple,2005,7,111.89158
BlackRiver,2005,7,72.20134
Cannon,2005,7,1.76422
Chippewa,2005,7,79.77382
Cuivre,2005,7,11.36038
Dardenne,2005,7,2.35174
Maquotketa,2005,7,170.12134
Vermillion,2005,7,41.45446
Wapsipinicon,2005,7,286.71142
Apple,2006,7,51.97296
BlackRiver,2006,7,82.49476
Cannon,2006,7,16.90536
Chippewa,2006,7,69.63664
Cuivre,2006,7,33.40012
Dardenne,2006,7,3.78748
Maquotketa,2006,7,98.72976
Vermillion,2006,7,132.62844
Wapsipinicon,2006,7,233.02568
Apple,2007,7,65.06688
BlackRiver,2007,7,45.69607
Cannon,2007,7,11.43325
Chippewa,2007,7,39.369765
Cuivre,2007,7,12.32901
Dardenne,2007,7,34.83498
Maquotketa,2007,7,63.83521
Vermillion,2007,7,81.582455
Wapsipinicon,2007,7,92.49953
Apple,2008,7,20.02812
BlackRiver,2008,7,40.363
Cannon,2008,7,17.79964
Chippewa,2008,7,31.03124
Cuivre,2008,7,98.1642
Dardenne,2008,7,38.2738
Maquotketa,2008,7,37.02028
Vermillion,2008,7,81.24168
Wapsipinicon,2008,7,87.85748
Apple,2009,7,70.78388
BlackRiver,2009,7,72.9365
Cannon,2009,7,12.962115
Chippewa,2009,7,34.129545
Cuivre,2009,7,26.17681
Dardenne,2009,7,22.46952
Maquotketa,2009,7,27.73148
Vermillion,2009,7,75.44789
Wapsipinicon,2009,7,16.84879
Apple,2010,7,21.74983
BlackRiver,2010,7,6.52245
Cannon,2010,7,7.75199
Chippewa,2010,7,13.80511
Cuivre,2010,7,16.78438
Dardenne,2010,7,17.35186
Maquotketa,2010,7,11.10958
Vermillion,2010,7,63.74335
Wapsipinicon,2010,7,8.13031
Apple,2011,7,34.70802
BlackRiver,2011,7,33.765375
Cannon,2011,7,12.08454
Chippewa,2011,7,22.71072
Cuivre,2011,7,56.13177
Dardenne,2011,7,36.93609
Maquotketa,2011,7,79.09803
Vermillion,2011,7,19.96848
Wapsipinicon,2011,7,224.43675
Apple,2012,7,51.51228
BlackRiver,2012,7,71.01996
Cannon,2012,7,34.19568
Chippewa,2012,7,27.97584
Cuivre,2012,7,26.20884
Dardenne,2012,7,49.10916
Maquotketa,2012,7,131.23932
Vermillion,2012,7,62.32632
Wapsipinicon,2012,7,147.49572
Apple,2013,7,19.11309
BlackRiver,2013,7,46.70907
Cannon,2013,7,10.23719
Chippewa,2013,7,34.60557
Cuivre,2013,7,83.50371
Dardenne,2013,7,22.34069
Maquotketa,2013,7,66.55881
Vermillion,2013,7,23.63173
Wapsipinicon,2013,7,57.03739
Apple,2014,7,13.7204
BlackRiver,2014,7,17.4484833333333
Cannon,2014,7,27.882275
Chippewa,2014,7,9.16923333333333
Cuivre,2014,7,18.295775
Dardenne,2014,7,19.5304
Maquotketa,2014,7,7.692525
Vermillion,2014,7,21.70915
Wapsipinicon,2014,7,27.010775
Apple,2015,7,13.96117
BlackRiver,2015,7,27.1675866666667
Cannon,2015,7,11.36791
Chippewa,2015,7,21.668915
Cuivre,2015,7,18.28327
Dardenne,2015,7,24.62235
Maquotketa,2015,7,80.95372
Vermillion,2015,7,84.483435
Wapsipinicon,2015,7,169.98898
Apple,2016,7,13.7142
BlackRiver,2016,7,51.3297
Cannon,2016,7,14.38935
Chippewa,2016,7,21.71955
Cuivre,2016,7,29.24265
Dardenne,2016,7,16.12545
Maquotketa,2016,7,87.0162
Vermillion,2016,7,17.86155
Wapsipinicon,2016,7,214.716
Apple,2017,7,19.49341
BlackRiver,2017,7,36.791525
Cannon,2017,7,16.673065
Chippewa,2017,7,17.42516
Cuivre,2017,7,5.95576
Dardenne,2017,7,234.02765
Vermillion,2017,7,74.67816
Wapsipinicon,2017,7,86.80565
Apple,2018,7,66.2605
BlackRiver,2018,7,63.287
Cannon,2018,7,5.8515
Chippewa,2018,7,20.8755
Cuivre,2018,7,18.9975
Dardenne,2018,7,17.902
Maquotketa,2018,7,156.4045
Vermillion,2018,7,7.49475
Wapsipinicon,2018,7,56.2445
Apple,1998,8,16.52345
Maquotketa,1998,8,103.4438
Wapsipinicon,1998,8,285.18635
Apple,1999,8,16.11617
BlackRiver,1999,8,14.74433
Cannon,1999,8,13.0724
Chippewa,1999,8,20.789
Cuivre,1999,8,42.26687
Dardenne,1999,8,23.87564
Maquotketa,1999,8,35.45054
Vermillion,1999,8,39.85186
Wapsipinicon,1999,8,82.73615
Apple,2000,8,36.78925
BlackRiver,2000,8,20.3564
Cannon,2000,8,6.9187
Chippewa,2000,8,16.87555
Cuivre,2000,8,147.85265
Dardenne,2000,8,12.4233
Maquotketa,2000,8,27.07525
Vermillion,2000,8,74.99765
Wapsipinicon,2000,8,158.740425
Apple,2001,8,2.15866
BlackRiver,2001,8,42.61177
Cannon,2001,8,3.30849
Chippewa,2001,8,17.00192
Cuivre,2001,8,63.20418
Dardenne,2001,8,46.8975
Maquotketa,2001,8,15.52712
Vermillion,2001,8,56.61879
Wapsipinicon,2001,8,231.549745
Apple,2002,8,4.74722
BlackRiver,2002,8,25.76646
Cannon,2002,8,18.62158
Chippewa,2002,8,20.44934
Cuivre,2002,8,38.4777
Dardenne,2002,8,15.46454
Maquotketa,2002,8,64.4402
Vermillion,2002,8,42.29938
Wapsipinicon,2002,8,183.4523
Apple,2004,8,25.65628
BlackRiver,2004,8,74.64076
Cannon,2004,8,8.35198
Chippewa,2004,8,21.66298
Cuivre,2004,8,44.91286
Dardenne,2004,8,10.30426
Maquotketa,2004,8,58.88941
Vermillion,2004,8,85.55578
Wapsipinicon,2004,8,134.98396
Apple,2005,8,22.58854
BlackRiver,2005,8,97.26886
Cannon,2005,8,40.73638
Chippewa,2005,8,42.56422
Cuivre,2005,8,11.36038
Dardenne,2005,8,62.80102
Maquotketa,2005,8,88.26022
Vermillion,2005,8,73.89862
Wapsipinicon,2005,8,121.2919
Apple,2006,8,12.87908
BlackRiver,2006,8,79.6374
Cannon,2006,8,6.51496
Chippewa,2006,8,30.41288
Cuivre,2006,8,36.64712
Dardenne,2006,8,57.5578
Maquotketa,2006,8,51.97296
Vermillion,2006,8,99.1194
Wapsipinicon,2006,8,168.21556
Apple,2007,8,17.5916
BlackRiver,2007,8,13.416495
Cannon,2007,8,9.921655
Chippewa,2007,8,21.06267
Cuivre,2007,8,22.40631
Dardenne,2007,8,29.12451
Maquotketa,2007,8,28.56466
Vermillion,2007,8,33.04346
Wapsipinicon,2007,8,330.77169
Apple,2008,8,34.93108
BlackRiver,2008,8,34.72216
Cannon,2008,8,10.4178
Chippewa,2008,8,22.953
Cuivre,2008,8,8.74644
Dardenne,2008,8,31.3098
Maquotketa,2008,8,21.00308
Vermillion,2008,8,82.42556
Wapsipinicon,2008,8,88.69316
Apple,2009,8,17.9251
BlackRiver,2009,8,22.529315
Cannon,2009,8,17.984895
Chippewa,2009,8,33.890365
Cuivre,2009,8,31.55836
Dardenne,2009,8,34.6677
Maquotketa,2009,8,18.64264
Vermillion,2009,8,71.202445
Wapsipinicon,2009,8,57.27021
Apple,2010,8,6.286
BlackRiver,2010,8,7.775635
Cannon,2010,8,11.747995
Chippewa,2010,8,6.073195
Cuivre,2010,8,25.58032
Dardenne,2010,8,13.09576
Maquotketa,2010,8,15.79129
Vermillion,2010,8,52.53562
Wapsipinicon,2010,8,115.38403
Apple,2011,8,15.34095
BlackRiver,2011,8,23.91045
Cannon,2011,8,31.28022
Chippewa,2011,8,11.827455
Cuivre,2011,8,34.53663
Dardenne,2011,8,50.4759
Maquotketa,2011,8,25.28157
Vermillion,2011,8,39.592635
Wapsipinicon,2011,8,291.79302
Apple,2012,8,17.1618
BlackRiver,2012,8,54.41016
Cannon,2012,8,9.10428
Chippewa,2012,8,21.0492
Cuivre,2012,8,98.16108
Dardenne,2012,8,9.24564
Maquotketa,2012,8,92.93076
Vermillion,2012,8,48.82644
Wapsipinicon,2012,8,110.4594
Apple,2013,8,21.69517
BlackRiver,2013,8,35.00902
Cannon,2013,8,11.36685
Chippewa,2013,8,17.49929
Cuivre,2013,8,33.15315
Dardenne,2013,8,33.15315
Maquotketa,2013,8,57.52153
Vermillion,2013,8,77.61334
Wapsipinicon,2013,8,185.01173
Apple,2014,8,29.84315
BlackRiver,2014,8,28.608525
Cannon,2014,8,11.323775
Chippewa,2014,8,23.45215
Cuivre,2014,8,14.8824
Dardenne,2014,8,95.78665
Maquotketa,2014,8,188.6014
Vermillion,2014,8,128.4679
Wapsipinicon,2014,8,197.3164
Apple,2015,8,28.51224
BlackRiver,2015,8,24.118105
Cannon,2015,8,9.567035
Chippewa,2015,8,16.482395
Cuivre,2015,8,36.14795
Dardenne,2015,8,34.13097
Maquotketa,2015,8,73.02987
Vermillion,2015,8,72.093415
Wapsipinicon,2015,8,224.01523
Apple,2016,8,45.5427
BlackRiver,2016,8,25.4811
Cannon,2016,8,17.66865
Chippewa,2016,8,11.5923
Cuivre,2016,8,12.5568
Dardenne,2016,8,26.4456
Maquotketa,2016,8,69.4623
Vermillion,2016,8,19.887
Wapsipinicon,2016,8,159.3537
Apple,2017,8,15.35691
BlackRiver,2017,8,51.739355
Cannon,2017,8,18.553295
Chippewa,2017,8,28.424505
Cuivre,2017,8,3.69948
Dardenne,2017,8,22.31376
Vermillion,2017,8,43.654365
Wapsipinicon,2017,8,194.91887
Apple,2018,8,15.711
BlackRiver,2018,8,21.73625
Cannon,2018,8,12.81575
Chippewa,2018,8,23.6925
Cuivre,2018,8,75.9635
Dardenne,2018,8,27.7615
Maquotketa,2018,8,109.611
Vermillion,2018,8,110.78475
Wapsipinicon,2018,8,136.6855
Apple,1998,9,7.3448
BlackRiver,1998,9,51.99668
Cannon,1998,9,26.48132
Chippewa,1998,9,52.3586
Cuivre,1998,9,42.13436
Dardenne,1998,9,9.29012
Maquotketa,1998,9,45.5726
Vermillion,1998,9,53.7158
Wapsipinicon,1998,9,237.20924
Apple,1999,9,32.887975
BlackRiver,1999,9,22.87165
Cannon,1999,9,11.36965
Chippewa,1999,9,23.06335
Cuivre,1999,9,42.664675
Dardenne,1999,9,41.418625
Maquotketa,1999,9,37.345
Vermillion,1999,9,42.5209
Wapsipinicon,1999,9,95.2384
Apple,2000,9,15.7718
BlackRiver,2000,9,10.7528
Cannon,2000,9,3.0092
Chippewa,2000,9,5.9489
Cuivre,2000,9,25.7381
Dardenne,2000,9,8.5301
Maquotketa,2000,9,25.0211
Vermillion,2000,9,24.806
Wapsipinicon,2000,9,107.94215
Apple,2001,9,33.61321
BlackRiver,2001,9,8.87192
Cannon,2001,9,5.2763
Chippewa,2001,9,17.86097
Cuivre,2001,9,19.83
Dardenne,2001,9,46.71154
Maquotketa,2001,9,21.37098
Vermillion,2001,9,32.50028
Wapsipinicon,2001,9,93.583015
Apple,2004,9,11.1866
BlackRiver,2004,9,10.022
Cannon,2004,9,8.8574
Chippewa,2004,9,19.727
Cuivre,2004,9,14.13692
Dardenne,2004,9,10.87604
Maquotketa,2004,9,48.22088
Vermillion,2004,9,26.3264
Wapsipinicon,2004,9,131.56742
Apple,2005,9,112.90572
BlackRiver,2005,9,34.38513
Cannon,2005,9,14.6742
Chippewa,2005,9,32.9849
Cuivre,2005,9,35.24681
Dardenne,2005,9,30.50757
Maquotketa,2005,9,61.52805
Vermillion,2005,9,38.26269
Wapsipinicon,2005,9,107.19709
Apple,2006,9,53.08453
BlackRiver,2006,9,18.43855
Cannon,2006,9,19.80873
Chippewa,2006,9,15.50245
Cuivre,2006,9,30.47656
Dardenne,2006,9,6.49841
Maquotketa,2006,9,14.13227
Vermillion,2006,9,60.42478
Wapsipinicon,2006,9,136.95912
Apple,2007,9,8.95548
BlackRiver,2007,9,74.87904
Cannon,2007,9,33.95334
Chippewa,2007,9,43.02336
Cuivre,2007,9,20.45892
Dardenne,2007,9,11.49951
Maquotketa,2007,9,54.08436
Vermillion,2007,9,64.4817
Wapsipinicon,2007,9,14.04354
Apple,2008,9,10.42668
BlackRiver,2008,9,29.8466
Cannon,2008,9,3.8622
Chippewa,2008,9,25.06
Cuivre,2008,9,10.42668
Dardenne,2008,9,10.15316
Maquotketa,2008,9,42.8388
Vermillion,2008,9,71.14812
Apple,2009,9,8.28469
BlackRiver,2009,9,30.50275
Cannon,2009,9,5.73089
Chippewa,2009,9,23.60749
Cuivre,2009,9,78.3865
Dardenne,2009,9,27.3105
Maquotketa,2009,9,26.16129
Vermillion,2009,9,36.50418
Wapsipinicon,2009,9,206.33188
Apple,2010,9,3.36561
BlackRiver,2010,9,5.74544
Cannon,2010,9,15.68473
Chippewa,2010,9,10.5051
Cuivre,2010,9,68.60095
Dardenne,2010,9,50.96221
Maquotketa,2010,9,4.62552
Vermillion,2010,9,31.78358
Wapsipinicon,2010,9,206.35111
Apple,2011,9,5.99684
BlackRiver,2011,9,19.87444
Cannon,2011,9,22.30302
Chippewa,2011,9,12.24176
Cuivre,2011,9,62.02765
Maquotketa,2011,9,13.28258
Vermillion,2011,9,168.19129
Wapsipinicon,2011,9,277.13045
Apple,2012,9,33.28084
BlackRiver,2012,9,22.98726
Cannon,2012,9,6.16958
Chippewa,2012,9,19.50774
Cuivre,2012,9,44.15434
Dardenne,2012,9,8.48926
Maquotketa,2012,9,78.65958
Vermillion,2012,9,38.21016
Wapsipinicon,2012,9,112.43992
Apple,2013,9,13.3704
BlackRiver,2013,9,21.37824
Cannon,2013,9,4.88448
Chippewa,2013,9,13.72896
Cuivre,2013,9,18.27072
Dardenne,2013,9,21.01968
Maquotketa,2013,9,62.85168
Vermillion,2013,9,38.94768
Wapsipinicon,2013,9,118.18944
Apple,2014,9,36.93256
BlackRiver,2014,9,3.16267
Cannon,2014,9,4.33219
Chippewa,2014,9,4.03981
Cuivre,2014,9,11.78788
Dardenne,2014,9,9.01027
Maquotketa,2014,9,46.28872
Vermillion,2014,9,18.805
Wapsipinicon,2014,9,220.69339
Apple,2015,9,33.04716
BlackRiver,2015,9,5.2181
Cannon,2015,9,69.07245
Chippewa,2015,9,21.61056
Cuivre,2015,9,39.33729
Dardenne,2015,9,20.27629
Maquotketa,2015,9,151.79719
Vermillion,2015,9,61.82927
Wapsipinicon,2015,9,328.68327
Apple,2016,9,33.68147
BlackRiver,2016,9,13.98551
Cannon,2016,9,19.82135
Chippewa,2016,9,11.79707
Cuivre,2016,9,15.2621
Dardenne,2016,9,22.73927
Maquotketa,2016,9,33.86384
Vermillion,2016,9,17.45054
Wapsipinicon,2016,9,24.92771
Apple,2017,9,8.50313
BlackRiver,2017,9,22.47316
Cannon,2017,9,21.35556
Chippewa,2017,9,10.92461
Cuivre,2017,9,18.56155
Dardenne,2017,9,2.35632
Maquotketa,2017,9,19.30662
Vermillion,2017,9,31.78651
Wapsipinicon,2017,9,297.03072
Apple,2018,9,12.2373
BlackRiver,2018,9,17.4359
Cannon,2018,9,27.986
Chippewa,2018,9,17.283
Cuivre,2018,9,59.7892
Dardenne,2018,9,96.1794
Maquotketa,2018,9,4.7452
Vermillion,2018,9,16.5185
Wapsipinicon,2018,9,6.7329
Apple,1998,10,3.047
BlackRiver,1998,10,8.34008
Cannon,1998,10,87.46484
Chippewa,1998,10,33.99116
Cuivre,1998,10,19.92152
Dardenne,1998,10,12.3212
Maquotketa,1998,10,2.68508
Vermillion,1998,10,47.47268
Wapsipinicon,1998,10,71.54036
Apple,1999,10,7.583575
BlackRiver,1999,10,29.38945
Cannon,1999,10,11.2738
Chippewa,1999,10,22.67995
Cuivre,1999,10,30.300025
Dardenne,1999,10,9.26095
Maquotketa,1999,10,9.883975
Vermillion,1999,10,23.63845
Wapsipinicon,1999,10,90.973075
Apple,2000,10,2.6507
BlackRiver,2000,10,12.4736
Cannon,2000,10,1.862
Chippewa,2000,10,23.372
Cuivre,2000,10,0.1412
Dardenne,2000,10,7.4546
Maquotketa,2000,10,5.1841
Vermillion,2000,10,17.9945
Wapsipinicon,2000,10,91.7499
Apple,2001,10,3.47849
BlackRiver,2001,10,10.24168
Cannon,2001,10,19.48756
Chippewa,2001,10,10.15607
Cuivre,2001,10,3.13605
Dardenne,2001,10,7.75899
Maquotketa,2001,10,6.67459666666667
Vermillion,2001,10,22.3983
Wapsipinicon,2001,10,175.89703
BlackRiver,2004,10,12.66176
Cannon,2004,10,8.93504
Chippewa,2004,10,13.67108
Cuivre,2004,10,26.09348
Dardenne,2004,10,7.92572
Maquotketa,2004,10,4.43192
Vermillion,2004,10,35.72084
Wapsipinicon,2004,10,50.86064
Apple,2005,10,34.49284
BlackRiver,2005,10,9.39641
Cannon,2005,10,9.50412
Chippewa,2005,10,32.23093
Cuivre,2005,10,40.09376
Dardenne,2005,10,12.52
Vermillion,2005,10,21.99848
Wapsipinicon,2005,10,75.96119
Apple,2006,10,10.02173
BlackRiver,2006,10,18.43855
Cannon,2006,10,6.69415
Chippewa,2006,10,15.69819
Cuivre,2006,10,37.91468
Dardenne,2006,10,10.31534
Maquotketa,2006,10,20.49382
Vermillion,2006,10,35.76154
Wapsipinicon,2006,10,186.77495
Apple,2007,10,8.84487
BlackRiver,2007,10,9.28731
Cannon,2007,10,10.83585
Chippewa,2007,10,32.62602
Cuivre,2007,10,19.90587
Dardenne,2007,10,11.27829
Maquotketa,2007,10,7.18572
Vermillion,2007,10,5.8584
Wapsipinicon,2007,10,47.77959
Apple,2008,10,3.72544
BlackRiver,2008,10,13.84568
Cannon,2008,10,4.27248
Cuivre,2008,10,64.99392
Dardenne,2008,10,18.222
Maquotketa,2008,10,5.09304
Vermillion,2008,10,20.54692
Wapsipinicon,2008,10,147.4602
Apple,2009,10,3.56016
BlackRiver,2009,10,7.90162
Cannon,2009,10,3.68785
Chippewa,2009,10,14.41381
Cuivre,2009,10,21.18138
Dardenne,2009,10,7.13548
Maquotketa,2009,10,3.94323
Vermillion,2009,10,21.05369
Wapsipinicon,2009,10,19.52141
Apple,2010,10,13.72487
BlackRiver,2010,10,3.5056
Cannon,2010,10,8.68523
Chippewa,2010,10,4.20555
Cuivre,2010,10,11.62502
Dardenne,2010,10,10.5051
Maquotketa,2010,10,2.66566
Vermillion,2010,10,8.54524
Wapsipinicon,2010,10,31.36361
Apple,2011,10,4.95602
BlackRiver,2011,10,10.854
Cannon,2011,10,22.9969
Chippewa,2011,10,12.5887
Cuivre,2011,10,32.36428
Dardenne,2011,10,25.07854
Maquotketa,2011,10,5.12949
Vermillion,2011,10,53.70109
Wapsipinicon,2011,10,177.55867
Apple,2012,10,177.101
BlackRiver,2012,10,20.37762
Cannon,2012,10,10.22902
Chippewa,2012,10,24.29208
Cuivre,2012,10,35.89048
Dardenne,2012,10,10.08404
Maquotketa,2012,10,22.98726
Vermillion,2012,10,25.74188
Wapsipinicon,2012,10,137.08652
Apple,2013,10,6.67728
BlackRiver,2013,10,11.81664
Cannon,2013,10,10.98
Chippewa,2013,10,13.48992
Maquotketa,2013,10,13.60944
Vermillion,2013,10,11.69712
Wapsipinicon,2013,10,75.40128
Apple,2014,10,9.15646
BlackRiver,2014,10,4.62457
Cannon,2014,10,4.62457
Chippewa,2014,10,10.17979
Cuivre,2014,10,1.55458
Dardenne,2014,10,6.96361
Maquotketa,2014,10,5.50171
Vermillion,2014,10,21.14404
Wapsipinicon,2014,10,75.67291
Apple,2015,10,15.51104
BlackRiver,2015,10,19.89507
Cannon,2015,10,31.33167
Chippewa,2015,10,18.75141
Cuivre,2015,10,169.1427
Dardenne,2015,10,6.36176
Maquotketa,2015,10,18.75141
Vermillion,2015,10,64.49781
Wapsipinicon,2015,10,196.78115
Apple,2016,10,2.13146
BlackRiver,2016,10,0.6725
Cannon,2016,10,13.62077
Chippewa,2016,10,3.95516
Cuivre,2016,10,34.22858
Dardenne,2016,10,6.50834
Maquotketa,2016,10,NA
Vermillion,2016,10,11.79707
Wapsipinicon,2016,10,NA
Apple,2017,10,14.83621
BlackRiver,2017,10,17.07142
Cannon,2017,10,5.70913
Chippewa,2017,10,10.3658
Cuivre,2017,10,50.04068
Dardenne,2017,10,3.10139
Maquotketa,2017,10,52.83468
Vermillion,2017,10,28.4337
Wapsipinicon,2017,10,305.41273
Apple,2018,10,3.9807
BlackRiver,2018,10,2.4517
Cannon,2018,10,20.341
Chippewa,2018,10,7.9561
Cuivre,2018,10,22.3287
Dardenne,2018,10,12.3902
Maquotketa,2018,10,1.6872
Vermillion,2018,10,14.5308
Wapsipinicon,2018,10,2.2988
Apple,1998,11,2.41364
BlackRiver,1998,11,8.29484
Cannon,1998,11,43.35584
Chippewa,1998,11,24.03836
Cuivre,1998,11,14.0554
Dardenne,1998,11,9.19964
Maquotketa,1998,11,1.37312
Vermillion,1998,11,49.14656
Wapsipinicon,1998,11,3.2732
Apple,1999,11,23.015425
BlackRiver,1999,11,14.56465
Cannon,1999,11,8.9734
Chippewa,1999,11,16.018375
Cuivre,1999,11,67.777375
Dardenne,1999,11,23.7343
Maquotketa,1999,11,67.92115
Vermillion,1999,11,19.948225
Wapsipinicon,1999,11,80.95675
Apple,2000,11,NA
BlackRiver,2000,11,1.7903
Cannon,2000,11,0.2129
Chippewa,2000,11,2.4356
Cuivre,2000,11,NA
Dardenne,2000,11,0.9299
Maquotketa,2000,11,2.25635
Vermillion,2000,11,8.0282
Wapsipinicon,2000,11,71.4827
Apple,2001,11,8.52948
BlackRiver,2001,11,6.56045
Cannon,2001,11,37.8081
Chippewa,2001,11,17.17609
Cuivre,2001,11,83.01018
Dardenne,2001,11,6.64606
Maquotketa,2001,11,9.72802
Vermillion,2001,11,22.48391
Wapsipinicon,2001,11,100.13218
BlackRiver,2004,11,2.72384
Cannon,2004,11,4.74248
Chippewa,2004,11,5.67416
Cuivre,2004,11,3.73316
Dardenne,2004,11,6.37292
Vermillion,2004,11,55.13084
Wapsipinicon,2004,11,10.64312
Apple,2005,11,122.16878
BlackRiver,2005,11,2.71839
Cannon,2005,11,25.01436
Chippewa,2005,11,11.01206
Cuivre,2005,11,20.92138
Dardenne,2005,11,3.79549
Maquotketa,2005,11,8.10389
Vermillion,2005,11,23.82955
Wapsipinicon,2005,11,301.39822
Apple,2006,11,4.73675
BlackRiver,2006,11,9.43451
Cannon,2006,11,37.22959
Chippewa,2006,11,26.85537
Cuivre,2006,11,8.84729
Dardenne,2006,11,2.29
Maquotketa,2006,11,12.46848
Vermillion,2006,11,22.25548
Wapsipinicon,2006,11,36.34876
Apple,2007,11,NA
BlackRiver,2007,11,2.87193
Cannon,2007,11,9.1767
Chippewa,2007,11,6.52206
Cuivre,2007,11,28.42284
Dardenne,2007,11,9.61914
Maquotketa,2007,11,2.76132
Vermillion,2007,11,23.44539
Wapsipinicon,2007,11,6.85389
Apple,2008,11,4.68276
BlackRiver,2008,11,6.5974
Cannon,2008,11,3.99896
Chippewa,2008,11,12.47808
Cuivre,2008,11,41.74472
Dardenne,2008,11,4.81952
Maquotketa,2008,11,3.45192
Vermillion,2008,11,19.86312
Wapsipinicon,2008,11,14.1192
Apple,2009,11,1.64481
BlackRiver,2009,11,5.6032
Cannon,2009,11,19.39372
Chippewa,2009,11,17.35068
Cuivre,2009,11,9.17852
Dardenne,2009,11,9.56159
Maquotketa,2009,11,1.90019
Vermillion,2009,11,63.0637
Wapsipinicon,2009,11,4.70937
Apple,2010,11,1.12577
BlackRiver,2010,11,4.20555
Cannon,2010,11,49.56231
Chippewa,2010,11,3.08563
Cuivre,2010,11,21.56431
Dardenne,2010,11,10.92507
Maquotketa,2010,11,2.52567
Vermillion,2010,11,11.905
Wapsipinicon,2010,11,42.28283
Apple,2011,11,7.03766
BlackRiver,2011,11,3.39479
Cannon,2011,11,13.80299
Chippewa,2011,11,12.06829
Cuivre,2011,11,9.1193
Dardenne,2011,11,3.56826
Maquotketa,2011,11,7.73154
Vermillion,2011,11,27.50712
Wapsipinicon,2011,11,221.09964
Apple,2012,11,27.62662
BlackRiver,2012,11,10.08404
Cannon,2012,11,8.1993
Chippewa,2012,11,12.40372
Cuivre,2012,11,14.43344
Dardenne,2012,11,1.96516
Maquotketa,2012,11,5.58966
Vermillion,2012,11,5.73464
Wapsipinicon,2012,11,72.7154
Apple,2013,11,3.68928
BlackRiver,2013,11,3.92832
Cannon,2013,11,25.80048
Chippewa,2013,11,5.6016
Cuivre,2013,11,14.80464
Dardenne,2013,11,3.33072
Maquotketa,2013,11,4.04784
Vermillion,2013,11,12.65328
Wapsipinicon,2013,11,4.28688
Apple,2014,11,3.74743
BlackRiver,2014,11,5.50171
Cannon,2014,11,26.99164
Chippewa,2014,11,3.01648
Cuivre,2014,11,16.02739
Dardenne,2014,11,2.28553
Maquotketa,2014,11,4.91695
Vermillion,2014,11,5.94028
Wapsipinicon,2014,11,49.21252
Apple,2015,11,0.83407
BlackRiver,2015,11,2.35895
Cannon,2015,11,18.5608
Chippewa,2015,11,7.88664
Cuivre,2015,11,72.88465
Dardenne,2015,11,1.4059
Maquotketa,2015,11,1.97773
Vermillion,2015,11,98.04517
Wapsipinicon,2015,11,143.79157
Apple,2016,11,0.85487
BlackRiver,2016,11,3.22568
Cannon,2016,11,51.7361
Chippewa,2016,11,2.86094
Cuivre,2016,11,1.40198
Dardenne,2016,11,2.86094
Maquotketa,2016,11,8.69678
Vermillion,2016,11,16.53869
Wapsipinicon,2016,11,6.1436
Apple,2017,11,0.86619
BlackRiver,2017,11,1.23872
Cannon,2017,11,26.7573
Chippewa,2017,11,1.23872
Cuivre,2017,11,6.26793
Dardenne,2017,11,0.30739
Maquotketa,2017,11,2.54259
Vermillion,2017,11,8.50313
Wapsipinicon,2017,11,2.91512
Apple,2018,11,12.2373
BlackRiver,2018,11,3.2162
Cannon,2018,11,66.8226
Chippewa,2018,11,5.3568
Cuivre,2018,11,6.2742000000000004
Dardenne,2018,11,13.7663
Maquotketa,2018,11,11.167
Vermillion,2018,11,23.5519
Wapsipinicon,2018,11,7.1916
Apple,1998,12,2.70242666666667
BlackRiver,1998,12,4.84838666666667
Cannon,1998,12,41.01748
Chippewa,1998,12,11.31076
Cuivre,1998,12,50.07316
Dardenne,1998,12,4.39188
Maquotketa,1998,12,4.39188
Vermillion,1998,12,25.28792
Wapsipinicon,1998,12,4.9754
Apple,1999,12,4.23524
BlackRiver,1999,12,3.58672
Cannon,1999,12,18.2926966666667
Chippewa,1999,12,8.55355
Cuivre,1999,12,80.0299833333333
Dardenne,1999,12,2.81088666666667
Maquotketa,1999,12,9.94859
Vermillion,1999,12,6.44558666666667
Wapsipinicon,1999,12,34.06764
Apple,2000,12,5.50282
BlackRiver,2000,12,3.1931
Cannon,2000,12,4.18298
Chippewa,2000,12,3.02812
Cuivre,2000,12,4.67792
Dardenne,2000,12,3.11061
Maquotketa,2000,12,6.57519
Vermillion,2000,12,5.91527
Wapsipinicon,2000,12,16.22652
Apple,2001,12,5.15546
BlackRiver,2001,12,3.01794
Cannon,2001,12,7.36932
Chippewa,2001,12,4.31572
Cuivre,2001,12,9.4305
Dardenne,2001,12,4.31572
Maquotketa,2001,12,2.71258
Vermillion,2001,12,9.8122
Wapsipinicon,2001,12,20.00359
Apple,2003,12,NA
BlackRiver,2003,12,2.37413
Cannon,2003,12,2.88698
Chippewa,2003,12,6.43748
Cuivre,2003,12,1.74293
Dardenne,2003,12,3.99158
Maquotketa,2003,12,6.59528
Vermillion,2003,12,13.93298
Wapsipinicon,2003,12,9.90908
